4,ddccc,ccdf@gmail.com,,male,
4,chinemerem,chinemichie@gmail.com,,male,
2,chinemggggg,hie@gmail.com,,male,
3,chin,chinemi@gmail.com,,male,
4,chinemerem,chinembbbbi@gmail.com,AS,female,
5,chinemerem,chinembbbbi@gmail.com,AS,female,AS
6,chinemeremnnnb,chinemvvvichie@gmail.com,AL,male,AL
7,gggggg,e@gmail.com,,others,AZ
8,gggggg,e@gmail.com,,others,AZ
9,vvvnnn,chinemggghghi@gmail.com,,female,AX
10,vvvnnn,chinemggghghi@gmail.com,,female,AX
11,chinemerem,ccdf@gmail.com,,female,"select country"
12,chinemerem,ccdf@gmail.com,,female,"select country"
13,chinemerem,chinemhhhhhi@gmail.com,,male,BE
14,chinemerem,chinemhhhhhi@gmail.com,,male,BE
15,chinemerem,chinemhhhhhi@gmail.com,,male,BE
16,chinemerem,chinemhhhhhi@gmail.com,,male,BE
17,myfriend,chinemeremichie@gmail.com,,male,NG
18,myfriend,chinemeremichie@gmail.com,1880-10-03,male,NG
19,myfriend,chinemeremichie@gmail.com,1880-10-03,male,NG
20,myfriend,chinemeremichie@gmail.com,1880-10-03,male,NG
21,chibudom,ccdf@gmail.com,1555-02-02,male,AT
22,chinenndnndnndndn,ccdf@gmail.com,1444-02-02,female,BS
23,xxxxxxx,chinemeremichie@gmail.com,1333-10-02,male,BD
